0,Experiment_2023-10-17T10:43:51.792607_apollo_1_RPE-A.log,apollo,RPE-A,1,2023-10-17 10:43:51.792607,
1,Experiment_2023-10-17T16:13:41.147669_apollo_2_RPE-H.log,apollo,RPE-H,2,2023-10-17 16:13:41.147669,0 days 05:29:49.355062
2,Experiment_2023-10-18T14:03:55.768637_apollo_3_RPE-H.log,apollo,RPE-H,3,2023-10-18 14:03:55.768637,0 days 21:50:14.620968
3,Experiment_2023-10-19T15:20:19.777453_apollo_4_RPE-H.log,apollo,RPE-H,4,2023-10-19 15:20:19.777453,1 days 01:16:24.008816
4,Experiment_2023-10-20T16:27:31.219719_apollo_5_RPE-H.log,apollo,RPE-H,5,2023-10-20 16:27:31.219719,1 days 01:07:11.442266
5,Experiment_2023-10-21T16:20:06.112435_apollo_6_RPE-E.log,apollo,RPE-E,6,2023-10-21 16:20:06.112435,0 days 23:52:34.892716
6,Experiment_2023-10-22T12:11:39.779252_apollo_7_RPE-ER.log,apollo,RPE-ER,7,2023-10-22 12:11:39.779252,0 days 19:51:33.666817
7,Experiment_2023-10-22T12:18:40.988353_apollo_8_RPE-R.log,apollo,RPE-R,8,2023-10-22 12:18:40.988353,0 days 00:07:01.209101
8,Experiment_2023-10-04T11:35:02.366254_ash_1_RPE-H.log,ash,RPE-H,1,2023-10-04 11:35:02.366254,-19 days +23:16:21.377901
9,Experiment_2023-10-04T11:36:30.074717_ash_2_RPE-H.log,ash,RPE-H,2,2023-10-04 11:36:30.074717,0 days 00:01:27.708463
10,Experiment_2023-10-11T11:09:31.314832_ash_3_RPE-A.log,ash,RPE-A,3,2023-10-11 11:09:31.314832,6 days 23:33:01.240115
11,Experiment_2023-10-12T11:44:32.961013_ash_4_RPE-A.log,ash,RPE-A,4,2023-10-12 11:44:32.961013,1 days 00:35:01.646181
12,Experiment_2023-10-12T12:35:34.587679_ash_5_RPE-A.log,ash,RPE-A,5,2023-10-12 12:35:34.587679,0 days 00:51:01.626666
13,Experiment_2023-10-16T10:14:09.991661_ash_6_RPE-A.log,ash,RPE-A,6,2023-10-16 10:14:09.991661,3 days 21:38:35.403982
14,Experiment_2023-10-17T10:08:46.553478_ash_7_RPE-H.log,ash,RPE-H,7,2023-10-17 10:08:46.553478,0 days 23:54:36.561817
15,Experiment_2023-10-18T11:03:46.604520_ash_8_RPE-H.log,ash,RPE-H,8,2023-10-18 11:03:46.604520,1 days 00:55:00.051042
16,Experiment_2023-10-19T12:21:17.495080_ash_9_RPE-H.log,ash,RPE-H,9,2023-10-19 12:21:17.495080,1 days 01:17:30.890560
17,Experiment_2023-10-20T10:45:37.839423_ash_10_RPE-E.log,ash,RPE-E,10,2023-10-20 10:45:37.839423,0 days 22:24:20.344343
18,Experiment_2023-10-20T17:15:02.529514_ash_11_RPE-ER.log,ash,RPE-ER,11,2023-10-20 17:15:02.529514,0 days 06:29:24.690091
19,Experiment_2023-10-20T17:18:59.586821_ash_12_RPE-R.log,ash,RPE-R,12,2023-10-20 17:18:59.586821,0 days 00:03:57.057307
20,Experiment_2023-10-20T17:21:35.527287_ash_13_RPE-R.log,ash,RPE-R,13,2023-10-20 17:21:35.527287,0 days 00:02:35.940466
21,Experiment_2023-10-20T17:25:54.309711_ash_14_RPE-R.log,ash,RPE-R,14,2023-10-20 17:25:54.309711,0 days 00:04:18.782424
22,Experiment_2023-10-16T09:48:06.134122_atom_1_RPE-H.log,atom,RPE-H,1,2023-10-16 09:48:06.134122,-5 days +16:22:11.824411
23,Experiment_2023-10-17T09:42:51.051301_atom_2_RPE-H.log,atom,RPE-H,2,2023-10-17 09:42:51.051301,0 days 23:54:44.917179
24,Experiment_2023-10-18T09:35:29.804367_atom_3_RPE-H.log,atom,RPE-H,3,2023-10-18 09:35:29.804367,0 days 23:52:38.753066
25,Experiment_2023-10-18T10:40:53.980873_atom_4_RPE-H.log,atom,RPE-H,4,2023-10-18 10:40:53.980873,0 days 01:05:24.176506
26,Experiment_2023-10-18T10:52:26.644001_atom_5_RPE-H.log,atom,RPE-H,5,2023-10-18 10:52:26.644001,0 days 00:11:32.663128
27,Experiment_2023-10-19T11:08:11.283839_atom_6_RPE-E.log,atom,RPE-E,6,2023-10-19 11:08:11.283839,1 days 00:15:44.639838
28,Experiment_2023-10-19T11:19:38.380121_atom_7_RPE-E.log,atom,RPE-E,7,2023-10-19 11:19:38.380121,0 days 00:11:27.096282
29,Experiment_2023-10-20T09:45:25.477033_atom_8_RPE-ER.log,atom,RPE-ER,8,2023-10-20 09:45:25.477033,0 days 22:25:47.096912
30,Experiment_2023-10-20T09:49:19.577983_atom_9_RPE-R.log,atom,RPE-R,9,2023-10-20 09:49:19.577983,0 days 00:03:54.100950
31,Experiment_2023-10-01T21:30:25.370452_bonnie_1_RPE-ER.log,bonnie,RPE-ER,1,2023-10-01 21:30:25.370452,-19 days +11:41:05.792469
32,Experiment_2023-10-02T21:28:43.621970_bonnie_2_RPE-R.log,bonnie,RPE-R,2,2023-10-02 21:28:43.621970,0 days 23:58:18.251518
33,Experiment_2023-10-02T21:29:38.930298_bonnie_3_RPE-E.log,bonnie,RPE-E,3,2023-10-02 21:29:38.930298,0 days 00:00:55.308328
34,Experiment_2023-10-02T21:35:17.816459_bonnie_4_RPE-E.log,bonnie,RPE-E,4,2023-10-02 21:35:17.816459,0 days 00:05:38.886161
35,Experiment_2023-10-02T21:36:35.129533_bonnie_5_RPE-E.log,bonnie,RPE-E,5,2023-10-02 21:36:35.129533,0 days 00:01:17.313074
36,Experiment_2023-10-02T21:47:20.552173_bonnie_6_RPE-E.log,bonnie,RPE-E,6,2023-10-02 21:47:20.552173,0 days 00:10:45.422640
37,Experiment_2023-10-02T21:48:30.671177_bonnie_7_RPE-E.log,bonnie,RPE-E,7,2023-10-02 21:48:30.671177,0 days 00:01:10.119004
38,Experiment_2023-10-02T21:49:55.243461_bonnie_8_RPE-E.log,bonnie,RPE-E,8,2023-10-02 21:49:55.243461,0 days 00:01:24.572284
39,Experiment_2023-10-02T21:54:24.204888_bonnie_9_RPE-E.log,bonnie,RPE-E,9,2023-10-02 21:54:24.204888,0 days 00:04:28.961427
40,Experiment_2023-10-03T14:14:32.928978_bonnie_10_RPE-A.log,bonnie,RPE-A,10,2023-10-03 14:14:32.928978,0 days 16:20:08.724090
41,Experiment_2023-10-03T14:21:10.046385_bonnie_11_RPE-A.log,bonnie,RPE-A,11,2023-10-03 14:21:10.046385,0 days 00:06:37.117407
42,Experiment_2023-10-03T14:44:59.283475_bonnie_12_RPE-H.log,bonnie,RPE-H,12,2023-10-03 14:44:59.283475,0 days 00:23:49.237090
43,Experiment_2023-10-03T14:46:54.142393_bonnie_13_RPE-A.log,bonnie,RPE-A,13,2023-10-03 14:46:54.142393,0 days 00:01:54.858918
44,Experiment_2023-10-03T14:49:19.788722_bonnie_14_RPE-E.log,bonnie,RPE-E,14,2023-10-03 14:49:19.788722,0 days 00:02:25.646329
45,Experiment_2023-10-03T14:55:06.781765_bonnie_15_RPE-ER.log,bonnie,RPE-ER,15,2023-10-03 14:55:06.781765,0 days 00:05:46.993043
46,Experiment_2023-10-03T15:46:19.429509_bonnie_16_RPE-ER.log,bonnie,RPE-ER,16,2023-10-03 15:46:19.429509,0 days 00:51:12.647744
47,Experiment_2023-10-03T15:47:58.851744_bonnie_17_RPE-ER.log,bonnie,RPE-ER,17,2023-10-03 15:47:58.851744,0 days 00:01:39.422235
48,Experiment_2023-10-03T15:49:53.434406_bonnie_18_RPE-ER.log,bonnie,RPE-ER,18,2023-10-03 15:49:53.434406,0 days 00:01:54.582662
49,Experiment_2023-10-03T15:51:18.338653_bonnie_19_RPE-ER.log,bonnie,RPE-ER,19,2023-10-03 15:51:18.338653,0 days 00:01:24.904247
50,Experiment_2023-10-03T15:53:05.046783_bonnie_20_RPE-ER.log,bonnie,RPE-ER,20,2023-10-03 15:53:05.046783,0 days 00:01:46.708130
51,Experiment_2023-10-03T15:55:12.230656_bonnie_21_RPE-ER.log,bonnie,RPE-ER,21,2023-10-03 15:55:12.230656,0 days 00:02:07.183873
52,Experiment_2023-10-03T15:55:57.824712_bonnie_22_RPE-ER.log,bonnie,RPE-ER,22,2023-10-03 15:55:57.824712,0 days 00:00:45.594056
53,Experiment_2023-10-03T15:57:14.387878_bonnie_23_RPE-ER.log,bonnie,RPE-ER,23,2023-10-03 15:57:14.387878,0 days 00:01:16.563166
54,Experiment_2023-10-03T16:28:37.069473_bonnie_24_RPE-A.log,bonnie,RPE-A,24,2023-10-03 16:28:37.069473,0 days 00:31:22.681595
55,Experiment_2023-10-03T16:51:19.423426_bonnie_25_RPE-A.log,bonnie,RPE-A,25,2023-10-03 16:51:19.423426,0 days 00:22:42.353953
56,Experiment_2023-10-03T17:01:21.834253_bonnie_26_RPE-A.log,bonnie,RPE-A,26,2023-10-03 17:01:21.834253,0 days 00:10:02.410827
57,Experiment_2023-10-03T17:06:11.348668_bonnie_27_RPE-A.log,bonnie,RPE-A,27,2023-10-03 17:06:11.348668,0 days 00:04:49.514415
58,Experiment_2023-10-03T17:22:04.359396_bonnie_28_RPE-A.log,bonnie,RPE-A,28,2023-10-03 17:22:04.359396,0 days 00:15:53.010728
59,Experiment_2023-10-03T17:26:21.833103_bonnie_29_RPE-A.log,bonnie,RPE-A,29,2023-10-03 17:26:21.833103,0 days 00:04:17.473707
60,Experiment_2023-10-03T17:37:08.452034_bonnie_30_RPE-A.log,bonnie,RPE-A,30,2023-10-03 17:37:08.452034,0 days 00:10:46.618931
61,Experiment_2023-10-03T17:41:32.659540_bonnie_31_RPE-A.log,bonnie,RPE-A,31,2023-10-03 17:41:32.659540,0 days 00:04:24.207506
62,Experiment_2023-10-03T17:49:00.288968_bonnie_32_RPE-A.log,bonnie,RPE-A,32,2023-10-03 17:49:00.288968,0 days 00:07:27.629428
63,Experiment_2023-10-04T10:37:54.349864_bonnie_33_RPE-A.log,bonnie,RPE-A,33,2023-10-04 10:37:54.349864,0 days 16:48:54.060896
64,Experiment_2023-10-04T10:52:05.825815_bonnie_34_RPE-A.log,bonnie,RPE-A,34,2023-10-04 10:52:05.825815,0 days 00:14:11.475951
65,Experiment_2023-10-04T11:03:55.497331_bonnie_35_RPE-A.log,bonnie,RPE-A,35,2023-10-04 11:03:55.497331,0 days 00:11:49.671516
66,Experiment_2023-10-04T11:15:57.929926_bonnie_36_RPE-A.log,bonnie,RPE-A,36,2023-10-04 11:15:57.929926,0 days 00:12:02.432595
67,Experiment_2023-10-04T11:16:26.607943_bonnie_37_RPE-H.log,bonnie,RPE-H,37,2023-10-04 11:16:26.607943,0 days 00:00:28.678017
68,Experiment_2023-10-04T11:19:27.467316_bonnie_38_RPE-H.log,bonnie,RPE-H,38,2023-10-04 11:19:27.467316,0 days 00:03:00.859373
69,Experiment_2023-10-04T11:23:56.041432_bonnie_39_RPE-H.log,bonnie,RPE-H,39,2023-10-04 11:23:56.041432,0 days 00:04:28.574116
70,Experiment_2023-10-04T11:25:49.143508_bonnie_40_RPE-H.log,bonnie,RPE-H,40,2023-10-04 11:25:49.143508,0 days 00:01:53.102076
71,Experiment_2023-10-04T11:31:41.212332_bonnie_41_RPE-H.log,bonnie,RPE-H,41,2023-10-04 11:31:41.212332,0 days 00:05:52.068824
72,Experiment_2023-10-04T21:40:04.309838_bonnie_42_RPE-ER.log,bonnie,RPE-ER,42,2023-10-04 21:40:04.309838,0 days 10:08:23.097506
73,Experiment_2023-10-05T11:06:09.758656_bonnie_43_RPE-A.log,bonnie,RPE-A,43,2023-10-05 11:06:09.758656,0 days 13:26:05.448818
74,Experiment_2023-10-05T11:10:29.568271_bonnie_44_RPE-A.log,bonnie,RPE-A,44,2023-10-05 11:10:29.568271,0 days 00:04:19.809615
75,Experiment_2023-10-05T11:14:42.112376_bonnie_45_RPE-A.log,bonnie,RPE-A,45,2023-10-05 11:14:42.112376,0 days 00:04:12.544105
76,Experiment_2023-10-10T14:38:28.391056_bonnie_46_RPE-A.log,bonnie,RPE-A,46,2023-10-10 14:38:28.391056,5 days 03:23:46.278680
77,Experiment_2023-10-10T14:41:41.421027_bonnie_47_RPE-A.log,bonnie,RPE-A,47,2023-10-10 14:41:41.421027,0 days 00:03:13.029971
78,Experiment_2023-10-10T14:47:57.242701_bonnie_48_RPE-A.log,bonnie,RPE-A,48,2023-10-10 14:47:57.242701,0 days 00:06:15.821674
79,Experiment_2023-10-10T14:50:09.959521_bonnie_49_RPE-A.log,bonnie,RPE-A,49,2023-10-10 14:50:09.959521,0 days 00:02:12.716820
80,Experiment_2023-10-10T14:54:39.594269_bonnie_50_RPE-A.log,bonnie,RPE-A,50,2023-10-10 14:54:39.594269,0 days 00:04:29.634748
81,Experiment_2023-10-10T14:56:35.386956_bonnie_51_RPE-A.log,bonnie,RPE-A,51,2023-10-10 14:56:35.386956,0 days 00:01:55.792687
82,Experiment_2023-10-10T14:58:18.383390_bonnie_52_RPE-A.log,bonnie,RPE-A,52,2023-10-10 14:58:18.383390,0 days 00:01:42.996434
83,Experiment_2023-10-10T15:00:02.761887_bonnie_53_RPE-A.log,bonnie,RPE-A,53,2023-10-10 15:00:02.761887,0 days 00:01:44.378497
84,Experiment_2023-10-10T15:06:15.158054_bonnie_54_RPE-A.log,bonnie,RPE-A,54,2023-10-10 15:06:15.158054,0 days 00:06:12.396167
85,Experiment_2023-10-11T11:04:35.977578_bonnie_55_RPE-A.log,bonnie,RPE-A,55,2023-10-11 11:04:35.977578,0 days 19:58:20.819524
86,Experiment_2023-10-11T16:49:26.273343_bonnie_56_RPE-A.log,bonnie,RPE-A,56,2023-10-11 16:49:26.273343,0 days 05:44:50.295765
87,Experiment_2023-10-11T16:53:56.812604_bonnie_57_RPE-A.log,bonnie,RPE-A,57,2023-10-11 16:53:56.812604,0 days 00:04:30.539261
88,Experiment_2023-10-11T16:56:09.875604_bonnie_58_RPE-A.log,bonnie,RPE-A,58,2023-10-11 16:56:09.875604,0 days 00:02:13.063000
89,Experiment_2023-10-12T09:26:56.784402_bonnie_59_RPE-A.log,bonnie,RPE-A,59,2023-10-12 09:26:56.784402,0 days 16:30:46.908798
90,Experiment_2023-10-12T09:30:06.921277_bonnie_60_RPE-A.log,bonnie,RPE-A,60,2023-10-12 09:30:06.921277,0 days 00:03:10.136875
91,Experiment_2023-10-12T10:21:52.390998_bonnie_61_RPE-A.log,bonnie,RPE-A,61,2023-10-12 10:21:52.390998,0 days 00:51:45.469721
92,Experiment_2023-10-12T10:25:51.596076_bonnie_62_RPE-A.log,bonnie,RPE-A,62,2023-10-12 10:25:51.596076,0 days 00:03:59.205078
93,Experiment_2023-10-12T10:33:29.340136_bonnie_63_RPE-A.log,bonnie,RPE-A,63,2023-10-12 10:33:29.340136,0 days 00:07:37.744060
94,Experiment_2023-10-12T11:28:02.439455_bonnie_64_RPE-A.log,bonnie,RPE-A,64,2023-10-12 11:28:02.439455,0 days 00:54:33.099319
95,Experiment_2023-10-12T11:36:04.060857_bonnie_65_RPE-A.log,bonnie,RPE-A,65,2023-10-12 11:36:04.060857,0 days 00:08:01.621402
96,Experiment_2023-10-16T16:54:06.481712_bonnie_67_RPE-A.log,bonnie,RPE-A,67,2023-10-16 16:54:06.481712,4 days 05:18:02.420855
97,Experiment_2023-10-16T16:55:54.839279_bonnie_68_RPE-A.log,bonnie,RPE-A,68,2023-10-16 16:55:54.839279,0 days 00:01:48.357567
98,Experiment_2023-10-17T14:22:20.091990_bonnie_69_RPE-A.log,bonnie,RPE-A,69,2023-10-17 14:22:20.091990,0 days 21:26:25.252711
99,Experiment_2023-10-18T13:38:27.055291_bonnie_70_RPE-H.log,bonnie,RPE-H,70,2023-10-18 13:38:27.055291,0 days 23:16:06.963301
100,Experiment_2023-10-19T14:37:29.776913_bonnie_71_RPE-H.log,bonnie,RPE-H,71,2023-10-19 14:37:29.776913,1 days 00:59:02.721622
101,Experiment_2023-10-19T14:37:56.973616_bonnie_72_RPE-H.log,bonnie,RPE-H,72,2023-10-19 14:37:56.973616,0 days 00:00:27.196703
102,Experiment_2023-10-20T16:07:14.477740_bonnie_73_RPE-H.log,bonnie,RPE-H,73,2023-10-20 16:07:14.477740,1 days 01:29:17.504124
103,Experiment_2023-10-21T15:33:10.335051_bonnie_74_RPE-E.log,bonnie,RPE-E,74,2023-10-21 15:33:10.335051,0 days 23:25:55.857311
104,Experiment_2023-10-22T11:24:07.330601_bonnie_75_RPE-R.log,bonnie,RPE-R,75,2023-10-22 11:24:07.330601,0 days 19:50:56.995550
105,Experiment_2023-11-15T08:53:41.278496_clover_nan_RPE-A.log,clover,RPE-A,,2023-11-15 08:53:41.278496,23 days 21:29:33.947895
106,Experiment_2023-11-16T18:40:29.694630_clover_nan_RPE-H.log,clover,RPE-H,,2023-11-16 18:40:29.694630,1 days 09:46:48.416134
107,Experiment_2023-11-17T05:11:53.655051_clover_nan_RPE-R.log,clover,RPE-R,,2023-11-17 05:11:53.655051,0 days 10:31:23.960421
108,Experiment_2023-11-17T05:01:05.582394_clover_nan_RPE-ER.log,clover,RPE-ER,,2023-11-17 05:01:05.582394,-1 days +23:49:11.927343
109,Experiment_2023-11-16T05:51:43.356887_clover_nan_RPE-H.log,clover,RPE-H,,2023-11-16 05:51:43.356887,-1 days +00:50:37.774493
110,Experiment_2023-11-15T15:30:41.185599_clover_nan_RPE-A.log,clover,RPE-A,,2023-11-15 15:30:41.185599,-1 days +09:38:57.828712
111,Experiment_2023-11-17T01:04:08.654943_clover_nan_RPE-E.log,clover,RPE-E,,2023-11-17 01:04:08.654943,1 days 09:33:27.469344
112,Experiment_2023-11-16T10:53:17.451644_clover_nan_RPE-H.log,clover,RPE-H,,2023-11-16 10:53:17.451644,-1 days +09:49:08.796701
113,Experiment_2023-11-15T23:03:03.689235_clover_nan_RPE-A.log,clover,RPE-A,,2023-11-15 23:03:03.689235,-1 days +12:09:46.237591
114,Experiment_2023-10-11T13:52:55.743621_dodge_1_RPE-A.log,dodge,RPE-A,1,2023-10-11 13:52:55.743621,-36 days +14:49:52.054386
115,Experiment_2023-10-16T12:41:05.124659_dodge_2_RPE-A.log,dodge,RPE-A,2,2023-10-16 12:41:05.124659,4 days 22:48:09.381038
116,Experiment_2023-10-17T15:18:51.199193_dodge_3_RPE-A.log,dodge,RPE-A,3,2023-10-17 15:18:51.199193,1 days 02:37:46.074534
117,Experiment_2023-10-18T12:18:51.615574_dodge_4_RPE-H.log,dodge,RPE-H,4,2023-10-18 12:18:51.615574,0 days 21:00:00.416381
118,Experiment_2023-10-19T13:38:11.112748_dodge_5_RPE-H.log,dodge,RPE-H,5,2023-10-19 13:38:11.112748,1 days 01:19:19.497174
119,Experiment_2023-10-20T13:29:43.577939_dodge_6_RPE-H.log,dodge,RPE-H,6,2023-10-20 13:29:43.577939,0 days 23:51:32.465191
120,Experiment_2023-10-20T13:37:55.935693_dodge_7_RPE-H.log,dodge,RPE-H,7,2023-10-20 13:37:55.935693,0 days 00:08:12.357754
121,Experiment_2023-10-21T12:44:24.924507_dodge_8_RPE-E.log,dodge,RPE-E,8,2023-10-21 12:44:24.924507,0 days 23:06:28.988814
122,Experiment_2023-10-22T10:31:07.060496_dodge_9_RPE-ER.log,dodge,RPE-ER,9,2023-10-22 10:31:07.060496,0 days 21:46:42.135989
123,Experiment_2023-10-22T10:38:59.441932_dodge_10_RPE-R.log,dodge,RPE-R,10,2023-10-22 10:38:59.441932,0 days 00:07:52.381436
124,Experiment_2023-10-11T16:26:23.020796_dougie_1_RPE-A.log,dougie,RPE-A,1,2023-10-11 16:26:23.020796,-11 days +05:47:23.578864
125,Experiment_2023-10-16T16:00:38.503735_dougie_2_RPE-A.log,dougie,RPE-A,2,2023-10-16 16:00:38.503735,4 days 23:34:15.482939
126,Experiment_2023-10-17T14:05:19.058512_dougie_3_RPE-H.log,dougie,RPE-H,3,2023-10-17 14:05:19.058512,0 days 22:04:40.554777
127,Experiment_2023-10-18T13:17:38.910028_dougie_4_RPE-H.log,dougie,RPE-H,4,2023-10-18 13:17:38.910028,0 days 23:12:19.851516
128,Experiment_2023-10-19T14:19:12.295992_dougie_5_RPE-H.log,dougie,RPE-H,5,2023-10-19 14:19:12.295992,1 days 01:01:33.385964
129,Experiment_2023-10-20T15:12:18.561879_dougie_6_RPE-E.log,dougie,RPE-E,6,2023-10-20 15:12:18.561879,1 days 00:53:06.265887
130,Experiment_2023-10-21T14:50:45.811421_dougie_7_RPE-ER.log,dougie,RPE-ER,7,2023-10-21 14:50:45.811421,0 days 23:38:27.249542
131,Experiment_2023-10-21T14:53:53.159985_dougie_8_RPE-R.log,dougie,RPE-R,8,2023-10-21 14:53:53.159985,0 days 00:03:07.348564
132,Experiment_2023-10-22T11:20:39.592181_dougie_9_RPE-ER.log,dougie,RPE-ER,9,2023-10-22 11:20:39.592181,0 days 20:26:46.432196
133,Experiment_2023-11-15T05:52:18.492235_dusty_1.0_RPE-A.log,dusty,RPE-A,1,2023-11-15 05:52:18.492235,23 days 18:31:38.900054
134,Experiment_2023-11-15T12:39:40.660298_dusty_2.0_RPE-A.log,dusty,RPE-A,2,2023-11-15 12:39:40.660298,0 days 06:47:22.168063
135,Experiment_2023-11-15T19:50:30.999068_dusty_3.0_RPE-H.log,dusty,RPE-H,3,2023-11-15 19:50:30.999068,0 days 07:10:50.338770
136,Experiment_2023-11-16T04:44:09.437319_dusty_4.0_RPE-H.log,dusty,RPE-H,4,2023-11-16 04:44:09.437319,0 days 08:53:38.438251
137,Experiment_2023-11-16T10:17:41.543732_dusty_5.0_RPE-H.log,dusty,RPE-H,5,2023-11-16 10:17:41.543732,0 days 05:33:32.106413
138,Experiment_2023-11-16T18:15:15.261472_dusty_6.0_RPE-H.log,dusty,RPE-H,6,2023-11-16 18:15:15.261472,0 days 07:57:33.717740
139,Experiment_2023-11-16T23:38:56.900855_dusty_7.0_RPE-E.log,dusty,RPE-E,7,2023-11-16 23:38:56.900855,0 days 05:23:41.639383
140,Experiment_2023-11-17T03:47:06.036775_dusty_8.0_RPE-ER.log,dusty,RPE-ER,8,2023-11-17 03:47:06.036775,0 days 04:08:09.135920
141,Experiment_2023-11-17T03:53:10.219784_dusty_9.0_RPE-R.log,dusty,RPE-R,9,2023-11-17 03:53:10.219784,0 days 00:06:04.183009
142,Experiment_2023-10-10T15:21:33.860543_filly_1_RPE-A.log,filly,RPE-A,1,2023-10-10 15:21:33.860543,-38 days +11:28:23.640759
143,Experiment_2023-10-11T15:52:28.784770_filly_2_RPE-A.log,filly,RPE-A,2,2023-10-11 15:52:28.784770,1 days 00:30:54.924227
144,Experiment_2023-10-16T15:14:47.749133_filly_3_RPE-A.log,filly,RPE-A,3,2023-10-16 15:14:47.749133,4 days 23:22:18.964363
145,Experiment_2023-10-17T15:56:18.517670_filly_4_RPE-H.log,filly,RPE-H,4,2023-10-17 15:56:18.517670,1 days 00:41:30.768537
146,Experiment_2023-10-18T12:39:09.249294_filly_5_RPE-H.log,filly,RPE-H,5,2023-10-18 12:39:09.249294,0 days 20:42:50.731624
147,Experiment_2023-10-19T13:53:17.960778_filly_6_RPE-H.log,filly,RPE-H,6,2023-10-19 13:53:17.960778,1 days 01:14:08.711484
148,Experiment_2023-10-20T13:49:40.775758_filly_7_RPE-E.log,filly,RPE-E,7,2023-10-20 13:49:40.775758,0 days 23:56:22.814980
149,Experiment_2023-10-20T14:00:45.049518_filly_8_RPE-E.log,filly,RPE-E,8,2023-10-20 14:00:45.049518,0 days 00:11:04.273760
150,Experiment_2023-10-21T13:51:18.150176_filly_9_RPE-ER.log,filly,RPE-ER,9,2023-10-21 13:51:18.150176,0 days 23:50:33.100658
151,Experiment_2023-10-21T13:55:57.512742_filly_10_RPE-R.log,filly,RPE-R,10,2023-10-21 13:55:57.512742,0 days 00:04:39.362566
152,Experiment_2023-11-16T11:05:32.595613_freya_nan_RPE-ER.log,freya,RPE-ER,,2023-11-16 11:05:32.595613,25 days 21:09:35.082871
153,Experiment_2023-11-16T04:51:19.708255_freya_nan_RPE-E.log,freya,RPE-E,,2023-11-16 04:51:19.708255,-1 days +17:45:47.112642
154,Experiment_2023-11-15T07:41:48.476413_freya_nan_RPE-H.log,freya,RPE-H,,2023-11-15 07:41:48.476413,-1 days +02:50:28.768158
155,Experiment_2023-11-15T22:01:01.526289_freya_nan_RPE-H.log,freya,RPE-H,,2023-11-15 22:01:01.526289,0 days 14:19:13.049876
156,Experiment_2023-11-15T14:17:44.314875_freya_nan_RPE-H.log,freya,RPE-H,,2023-11-15 14:17:44.314875,-1 days +16:16:42.788586
157,Experiment_2023-11-16T11:29:51.427589_freya_nan_RPE-R.log,freya,RPE-R,,2023-11-16 11:29:51.427589,0 days 21:12:07.112714
158,Experiment_2023-11-14T22:36:12.795118_freya_nan_RPE-A.log,freya,RPE-A,,2023-11-14 22:36:12.795118,-2 days +11:06:21.367529
159,Experiment_2023-11-14T14:36:06.037040_freya_nan_RPE-A.log,freya,RPE-A,,2023-11-14 14:36:06.037040,-1 days +15:59:53.241922
160,Experiment_2023-11-14T09:54:22.060520_george_1.0_RPE-A.log,george,RPE-A,1,2023-11-14 09:54:22.060520,-1 days +19:18:16.023480
161,Experiment_2023-11-14T18:14:19.518453_george_2.0_RPE-A.log,george,RPE-A,2,2023-11-14 18:14:19.518453,0 days 08:19:57.457933
162,Experiment_2023-11-15T02:31:57.949673_george_3.0_RPE-A.log,george,RPE-A,3,2023-11-15 02:31:57.949673,0 days 08:17:38.431220
163,Experiment_2023-11-15T10:40:11.176212_george_4.0_RPE-H.log,george,RPE-H,4,2023-11-15 10:40:11.176212,0 days 08:08:13.226539
164,Experiment_2023-11-15T17:17:58.217052_george_5.0_RPE-H.log,george,RPE-H,5,2023-11-15 17:17:58.217052,0 days 06:37:47.040840
165,Experiment_2023-11-16T03:33:49.680381_george_6.0_RPE-H.log,george,RPE-H,6,2023-11-16 03:33:49.680381,0 days 10:15:51.463329
166,Experiment_2023-11-16T07:44:26.336193_george_7.0_RPE-E.log,george,RPE-E,7,2023-11-16 07:44:26.336193,0 days 04:10:36.655812
167,Experiment_2023-11-16T14:13:18.433504_george_8.0_RPE-ER.log,george,RPE-ER,8,2023-11-16 14:13:18.433504,0 days 06:28:52.097311
168,Experiment_2023-11-16T14:19:09.443349_george_9.0_RPE-R.log,george,RPE-R,9,2023-11-16 14:19:09.443349,0 days 00:05:51.009845
169,Experiment_2023-11-14T20:17:30.353770_gio_1.0_RPE-A.log,gio,RPE-A,1,2023-11-14 20:17:30.353770,-2 days +05:58:20.910421
170,Experiment_2023-11-15T05:13:56.627916_gio_2.0_RPE-A.log,gio,RPE-A,2,2023-11-15 05:13:56.627916,0 days 08:56:26.274146
171,Experiment_2023-11-15T12:23:16.277645_gio_3.0_RPE-H.log,gio,RPE-H,3,2023-11-15 12:23:16.277645,0 days 07:09:19.649729
172,Experiment_2023-11-15T19:23:40.623979_gio_4.0_RPE-H.log,gio,RPE-H,4,2023-11-15 19:23:40.623979,0 days 07:00:24.346334
173,Experiment_2023-11-16T04:27:35.087714_gio_5.0_RPE-H.log,gio,RPE-H,5,2023-11-16 04:27:35.087714,0 days 09:03:54.463735
174,Experiment_2023-11-16T09:43:41.323909_gio_6.0_RPE-E.log,gio,RPE-E,6,2023-11-16 09:43:41.323909,0 days 05:16:06.236195
175,Experiment_2023-11-16T17:28:35.535915_gio_7.0_RPE-ER.log,gio,RPE-ER,7,2023-11-16 17:28:35.535915,0 days 07:44:54.212006
176,Experiment_2023-11-16T17:42:28.648521_gio_8.0_RPE-R.log,gio,RPE-R,8,2023-11-16 17:42:28.648521,0 days 00:13:53.112606
177,Experiment_2023-11-15T01:23:45.430018_jelly_1.0_RPE-A.log,jelly,RPE-A,1,2023-11-15 01:23:45.430018,-2 days +07:41:16.781497
178,Experiment_2023-11-15T01:45:40.298259_jelly_2.0_RPE-A.log,jelly,RPE-A,2,2023-11-15 01:45:40.298259,0 days 00:21:54.868241
179,Experiment_2023-11-15T01:51:32.979182_jelly_3.0_RPE-A.log,jelly,RPE-A,3,2023-11-15 01:51:32.979182,0 days 00:05:52.680923
180,Experiment_2023-11-15T10:02:23.360356_jelly_4.0_RPE-A.log,jelly,RPE-A,4,2023-11-15 10:02:23.360356,0 days 08:10:50.381174
181,Experiment_2023-11-15T15:52:12.803765_jelly_5.0_RPE-A.log,jelly,RPE-A,5,2023-11-15 15:52:12.803765,0 days 05:49:49.443409
182,Experiment_2023-11-15T16:43:09.229990_jelly_6.0_RPE-H.log,jelly,RPE-H,6,2023-11-15 16:43:09.229990,0 days 00:50:56.426225
183,Experiment_2023-11-15T16:43:44.315061_jelly_7.0_RPE-H.log,jelly,RPE-H,7,2023-11-15 16:43:44.315061,0 days 00:00:35.085071
184,Experiment_2023-11-16T01:04:54.237126_jelly_8.0_RPE-H.log,jelly,RPE-H,8,2023-11-16 01:04:54.237126,0 days 08:21:09.922065
185,Experiment_2023-11-16T07:00:26.264233_jelly_9.0_RPE-H.log,jelly,RPE-H,9,2023-11-16 07:00:26.264233,0 days 05:55:32.027107
186,Experiment_2023-11-16T12:36:11.657125_jelly_10.0_RPE-E.log,jelly,RPE-E,10,2023-11-16 12:36:11.657125,0 days 05:35:45.392892
187,Experiment_2023-11-16T19:12:22.067645_jelly_11.0_RPE-ER.log,jelly,RPE-ER,11,2023-11-16 19:12:22.067645,0 days 06:36:10.410520
188,Experiment_2023-11-16T19:17:52.321571_jelly_12.0_RPE-R.log,jelly,RPE-R,12,2023-11-16 19:17:52.321571,0 days 00:05:30.253926
189,Experiment_2023-10-17T11:33:07.797252_molly_1_RPE-A.log,molly,RPE-A,1,2023-10-17 11:33:07.797252,-31 days +16:15:15.475681
190,Experiment_2023-10-17T16:31:16.557368_molly_2_RPE-A.log,molly,RPE-A,2,2023-10-17 16:31:16.557368,0 days 04:58:08.760116
191,Experiment_2023-10-18T14:33:13.652552_molly_3_RPE-H.log,molly,RPE-H,3,2023-10-18 14:33:13.652552,0 days 22:01:57.095184
192,Experiment_2023-10-19T15:48:21.846383_molly_4_RPE-H.log,molly,RPE-H,4,2023-10-19 15:48:21.846383,1 days 01:15:08.193831
193,Experiment_2023-10-20T16:44:16.657055_molly_5_RPE-H.log,molly,RPE-H,5,2023-10-20 16:44:16.657055,1 days 00:55:54.810672
194,Experiment_2023-10-21T17:15:56.787430_molly_6_RPE-E.log,molly,RPE-E,6,2023-10-21 17:15:56.787430,1 days 00:31:40.130375
195,Experiment_2023-10-22T12:53:29.137172_molly_7_RPE-ER.log,molly,RPE-ER,7,2023-10-22 12:53:29.137172,0 days 19:37:32.349742
196,Experiment_2023-10-22T13:10:41.677096_molly_8_RPE-R.log,molly,RPE-R,8,2023-10-22 13:10:41.677096,0 days 00:17:12.539924
197,Experiment_2023-10-11T11:39:20.579879_mowgli_1_RPE-A.log,mowgli,RPE-A,1,2023-10-11 11:39:20.579879,-12 days +22:28:38.902783
198,Experiment_2023-10-12T13:04:00.671875_mowgli_2_RPE-A.log,mowgli,RPE-A,2,2023-10-12 13:04:00.671875,1 days 01:24:40.091996
199,Experiment_2023-10-16T11:08:00.822837_mowgli_3_RPE-A.log,mowgli,RPE-A,3,2023-10-16 11:08:00.822837,3 days 22:04:00.150962
200,Experiment_2023-10-17T12:04:57.437085_mowgli_4_RPE-H.log,mowgli,RPE-H,4,2023-10-17 12:04:57.437085,1 days 00:56:56.614248
201,Experiment_2023-10-18T11:32:49.174973_mowgli_5_RPE-H.log,mowgli,RPE-H,5,2023-10-18 11:32:49.174973,0 days 23:27:51.737888
202,Experiment_2023-10-19T12:41:55.897985_mowgli_6_RPE-H.log,mowgli,RPE-H,6,2023-10-19 12:41:55.897985,1 days 01:09:06.723012
203,Experiment_2023-10-20T11:31:25.005165_mowgli_7_RPE-E.log,mowgli,RPE-E,7,2023-10-20 11:31:25.005165,0 days 22:49:29.107180
204,Experiment_2023-10-20T11:37:18.291738_mowgli_8_RPE-E.log,mowgli,RPE-E,8,2023-10-20 11:37:18.291738,0 days 00:05:53.286573
205,Experiment_2023-10-21T10:47:46.513633_mowgli_9_RPE-ER.log,mowgli,RPE-ER,9,2023-10-21 10:47:46.513633,0 days 23:10:28.221895
206,Experiment_2023-10-21T10:55:05.366041_mowgli_10_RPE-R.log,mowgli,RPE-R,10,2023-10-21 10:55:05.366041,0 days 00:07:18.852408
207,Experiment_2023-11-15T03:20:29.697169_myrtle_1.0_RPE-A.log,myrtle,RPE-A,1,2023-11-15 03:20:29.697169,24 days 16:25:24.331128
208,Experiment_2023-11-15T11:16:09.134633_myrtle_2.0_RPE-A.log,myrtle,RPE-A,2,2023-11-15 11:16:09.134633,0 days 07:55:39.437464
209,Experiment_2023-11-15T17:38:40.242425_myrtle_3.0_RPE-A.log,myrtle,RPE-A,3,2023-11-15 17:38:40.242425,0 days 06:22:31.107792
210,Experiment_2023-11-16T03:48:40.468982_myrtle_4.0_RPE-H.log,myrtle,RPE-H,4,2023-11-16 03:48:40.468982,0 days 10:10:00.226557
211,Experiment_2023-11-16T08:26:21.234327_myrtle_5.0_RPE-H.log,myrtle,RPE-H,5,2023-11-16 08:26:21.234327,0 days 04:37:40.765345
212,Experiment_2023-11-16T14:59:03.216301_myrtle_6.0_RPE-H.log,myrtle,RPE-H,6,2023-11-16 14:59:03.216301,0 days 06:32:41.981974
213,Experiment_2023-11-16T21:04:08.878984_myrtle_7.0_RPE-E.log,myrtle,RPE-E,7,2023-11-16 21:04:08.878984,0 days 06:05:05.662683
214,Experiment_2023-11-17T02:32:42.579535_myrtle_8.0_RPE-ER.log,myrtle,RPE-ER,8,2023-11-17 02:32:42.579535,0 days 05:28:33.700551
215,Experiment_2023-11-17T02:36:00.873487_myrtle_9.0_RPE-R.log,myrtle,RPE-R,9,2023-11-17 02:36:00.873487,0 days 00:03:18.293952
216,Experiment_2023-11-15T04:22:44.975731_nix_1.0_RPE-A.log,nix,RPE-A,1,2023-11-15 04:22:44.975731,-2 days +01:46:44.102244
217,Experiment_2023-11-15T11:54:28.819021_nix_2.0_RPE-H.log,nix,RPE-H,2,2023-11-15 11:54:28.819021,0 days 07:31:43.843290
218,Experiment_2023-11-15T19:08:54.331804_nix_3.0_RPE-H.log,nix,RPE-H,3,2023-11-15 19:08:54.331804,0 days 07:14:25.512783
219,Experiment_2023-11-16T04:15:06.484950_nix_4.0_RPE-H.log,nix,RPE-H,4,2023-11-16 04:15:06.484950,0 days 09:06:12.153146
220,Experiment_2023-11-16T08:54:11.986734_nix_5.0_RPE-E.log,nix,RPE-E,5,2023-11-16 08:54:11.986734,0 days 04:39:05.501784
221,Experiment_2023-11-16T15:27:06.878539_nix_6.0_RPE-ER.log,nix,RPE-ER,6,2023-11-16 15:27:06.878539,0 days 06:32:54.891805
222,Experiment_2023-11-16T15:38:08.222092_nix_7.0_RPE-R.log,nix,RPE-R,7,2023-11-16 15:38:08.222092,0 days 00:11:01.343553
223,Experiment_2023-11-15T22:12:18.978257_olive_nan_RPE-A.log,olive,RPE-A,,2023-11-15 22:12:18.978257,-1 days +06:34:10.756165
224,Experiment_2023-11-15T14:40:14.765087_olive_nan_RPE-A.log,olive,RPE-A,,2023-11-15 14:40:14.765087,-1 days +16:27:55.786830
225,Experiment_2023-11-15T08:01:25.994719_olive_nan_RPE-A.log,olive,RPE-A,,2023-11-15 08:01:25.994719,-1 days +17:21:11.229632
226,Experiment_2023-11-16T00:17:43.618022_pumba_nan_RPE-A.log,pumba,RPE-A,,2023-11-16 00:17:43.618022,0 days 16:16:17.623303
227,Experiment_2023-11-15T14:59:43.796277_pumba_nan_RPE-A.log,pumba,RPE-A,,2023-11-15 14:59:43.796277,-1 days +14:42:00.178255
228,Experiment_2023-11-16T18:29:56.344098_pumba_nan_RPE-H.log,pumba,RPE-H,,2023-11-16 18:29:56.344098,1 days 03:30:12.547821
229,Experiment_2023-11-16T05:40:01.139615_pumba_nan_RPE-H.log,pumba,RPE-H,,2023-11-16 05:40:01.139615,-1 days +11:10:04.795517
230,Experiment_2023-11-17T00:20:48.760387_pumba_nan_RPE-E.log,pumba,RPE-E,,2023-11-17 00:20:48.760387,0 days 18:40:47.620772
231,Experiment_2023-11-15T23:59:15.383154_pumba_nan_RPE-A.log,pumba,RPE-A,,2023-11-15 23:59:15.383154,-2 days +23:38:26.622767
232,Experiment_2023-11-16T10:34:56.139558_pumba_nan_RPE-H.log,pumba,RPE-H,,2023-11-16 10:34:56.139558,0 days 10:35:40.756404
233,Experiment_2023-11-17T04:28:22.359716_pumba_nan_RPE-ER.log,pumba,RPE-ER,,2023-11-17 04:28:22.359716,0 days 17:53:26.220158
234,Experiment_2023-11-15T22:41:30.310360_pumba_nan_RPE-A.log,pumba,RPE-A,,2023-11-15 22:41:30.310360,-2 days +18:13:07.950644
235,Experiment_2023-11-15T08:22:24.924227_pumba_nan_RPE-A.log,pumba,RPE-A,,2023-11-15 08:22:24.924227,-1 days +09:40:54.613867
236,Experiment_2023-11-17T04:35:19.272760_pumba_nan_RPE-R.log,pumba,RPE-R,,2023-11-17 04:35:19.272760,1 days 20:12:54.348533
237,Experiment_2023-11-15T10:19:30.072574_smudge_1.0_RPE-A.log,smudge,RPE-A,1,2023-11-15 10:19:30.072574,-2 days +05:44:10.799814
238,Experiment_2023-11-15T10:27:34.536832_smudge_2.0_RPE-A.log,smudge,RPE-A,2,2023-11-15 10:27:34.536832,0 days 00:08:04.464258
239,Experiment_2023-11-15T16:30:46.593567_smudge_3.0_RPE-A.log,smudge,RPE-A,3,2023-11-15 16:30:46.593567,0 days 06:03:12.056735
240,Experiment_2023-11-15T16:55:00.448232_smudge_4.0_RPE-H.log,smudge,RPE-H,4,2023-11-15 16:55:00.448232,0 days 00:24:13.854665
241,Experiment_2023-11-16T01:31:31.062744_smudge_5.0_RPE-H.log,smudge,RPE-H,5,2023-11-16 01:31:31.062744,0 days 08:36:30.614512
242,Experiment_2023-11-16T07:22:56.475952_smudge_6.0_RPE-H.log,smudge,RPE-H,6,2023-11-16 07:22:56.475952,0 days 05:51:25.413208
243,Experiment_2023-11-16T13:26:08.774326_smudge_7.0_RPE-E.log,smudge,RPE-E,7,2023-11-16 13:26:08.774326,0 days 06:03:12.298374
244,Experiment_2023-11-16T20:03:07.699554_smudge_8.0_RPE-ER.log,smudge,RPE-ER,8,2023-11-16 20:03:07.699554,0 days 06:36:58.925228
245,Experiment_2023-11-16T20:10:45.788898_smudge_9.0_RPE-ER.log,smudge,RPE-ER,9,2023-11-16 20:10:45.788898,0 days 00:07:38.089344
246,Experiment_2023-11-16T20:20:01.485550_smudge_10.0_RPE-R.log,smudge,RPE-R,10,2023-11-16 20:20:01.485550,0 days 00:09:15.696652
247,Experiment_2023-10-11T12:00:06.668934_teddy_1_RPE-A.log,teddy,RPE-A,1,2023-10-11 12:00:06.668934,-37 days +15:40:05.183384
248,Experiment_2023-10-16T11:54:16.067711_teddy_2_RPE-A.log,teddy,RPE-A,2,2023-10-16 11:54:16.067711,4 days 23:54:09.398777
249,Experiment_2023-10-17T12:26:27.583844_teddy_3_RPE-A.log,teddy,RPE-A,3,2023-10-17 12:26:27.583844,1 days 00:32:11.516133
250,Experiment_2023-10-18T11:50:11.128592_teddy_4_RPE-H.log,teddy,RPE-H,4,2023-10-18 11:50:11.128592,0 days 23:23:43.544748
251,Experiment_2023-10-18T11:53:16.636564_teddy_5_RPE-H.log,teddy,RPE-H,5,2023-10-18 11:53:16.636564,0 days 00:03:05.507972
252,Experiment_2023-10-19T12:59:13.586703_teddy_6_RPE-H.log,teddy,RPE-H,6,2023-10-19 12:59:13.586703,1 days 01:05:56.950139
253,Experiment_2023-10-20T12:17:32.357031_teddy_7_RPE-H.log,teddy,RPE-H,7,2023-10-20 12:17:32.357031,0 days 23:18:18.770328
254,Experiment_2023-10-21T11:30:24.083259_teddy_8_RPE-E.log,teddy,RPE-E,8,2023-10-21 11:30:24.083259,0 days 23:12:51.726228
255,Experiment_2023-10-21T11:37:56.042933_teddy_9_RPE-E.log,teddy,RPE-E,9,2023-10-21 11:37:56.042933,0 days 00:07:31.959674
256,Experiment_2023-10-21T11:47:57.260532_teddy_10_RPE-E.log,teddy,RPE-E,10,2023-10-21 11:47:57.260532,0 days 00:10:01.217599
257,Experiment_2023-10-22T09:11:52.083746_teddy_11_RPE-ER.log,teddy,RPE-ER,11,2023-10-22 09:11:52.083746,0 days 21:23:54.823214
258,Experiment_2023-10-22T09:17:26.852663_teddy_12_RPE-R.log,teddy,RPE-R,12,2023-10-22 09:17:26.852663,0 days 00:05:34.768917
259,Experiment_2023-11-15T11:36:33.220138_yoshi_1.0_RPE-A.log,yoshi,RPE-A,1,2023-11-15 11:36:33.220138,24 days 02:19:06.367475
260,Experiment_2023-11-15T18:23:59.307350_yoshi_2.0_RPE-A.log,yoshi,RPE-A,2,2023-11-15 18:23:59.307350,0 days 06:47:26.087212
261,Experiment_2023-11-16T04:04:24.987457_yoshi_3.0_RPE-H.log,yoshi,RPE-H,3,2023-11-16 04:04:24.987457,0 days 09:40:25.680107
262,Experiment_2023-11-16T08:36:27.057734_yoshi_4.0_RPE-H.log,yoshi,RPE-H,4,2023-11-16 08:36:27.057734,0 days 04:32:02.070277
263,Experiment_2023-11-16T15:18:14.276712_yoshi_5.0_RPE-H.log,yoshi,RPE-H,5,2023-11-16 15:18:14.276712,0 days 06:41:47.218978
264,Experiment_2023-11-16T21:45:55.894085_yoshi_6.0_RPE-E.log,yoshi,RPE-E,6,2023-11-16 21:45:55.894085,0 days 06:27:41.617373
265,Experiment_2023-11-17T03:07:21.130201_yoshi_7.0_RPE-ER.log,yoshi,RPE-ER,7,2023-11-17 03:07:21.130201,0 days 05:21:25.236116
266,Experiment_2023-11-17T03:18:39.516437_yoshi_8.0_RPE-R.log,yoshi,RPE-R,8,2023-11-17 03:18:39.516437,0 days 00:11:18.386236
