ExperimentID,Cohort,SubjectName,SubjectNumber,SessionNumber,SessionType,ExperimentType,Direction,Comment,DateTime,LogFileName
1,HD,atom,1,2.0,test,Training - fixed,LEFT,First session,2023-10-06 12:49:44.174442,Experiment_2023-10-06T12:49:44.174442_atom_2_Training - fixed.log
2,HD,ash,2,2.0,test,Training - fixed,RIGHT,Pos = Right,2023-10-06 13:21:53.770221,Experiment_2023-10-06T13:21:53.770221_ash_2_Training - fixed.log
3,HD,mowgli,3,1.0,test,Training - fixed,LEFT,Positive = LEFT,2023-10-06 14:14:41.653330,Experiment_2023-10-06T14:14:41.653330_mowgli_1_Training - fixed.log
4,HD,teddy,4,1.0,test,Training - fixed,RIGHT,Positive = RIGHT,2023-10-06 14:48:40.419276,Experiment_2023-10-06T14:48:40.419276_teddy_1_Training - fixed.log
5,HD,dodge,5,1.0,test,Training - fixed,LEFT,Positive = LEFT,2023-10-06 15:37:08.619329,Experiment_2023-10-06T15:37:08.619329_dodge_1_Training - fixed.log
6,HD,filly,6,4.0,test,Training - fixed,RIGHT,Positive = RIGHT start positive at trial 9,2023-10-06 16:43:49.516057,Experiment_2023-10-06T16:43:49.516057_filly_4_Training - fixed.log
7,HD,dougie,7,1.0,test,Training - fixed,LEFT,Positive = LEFT,2023-10-06 17:27:12.851047,Experiment_2023-10-06T17:27:12.851047_dougie_1_Training - fixed.log
8,HD,bonnie,8,53.0,test,Training - fixed,RIGHT,Positive -= RIGHT,2023-10-06 18:04:47.757500,Experiment_2023-10-06T18:04:47.757500_bonnie_53_Training - fixed.log
9,HD,apollo,9,1.0,test,Training - fixed,LEFT,Positive = LEFT,2023-10-06 18:43:55.290472,Experiment_2023-10-06T18:43:55.290472_apollo_1_Training - fixed.log
10,HD,molly,10,2.0,test,Training - fixed,RIGHT,Positive = RIGHT,2023-10-06 19:32:30.778453,Experiment_2023-10-06T19:32:30.778453_molly_2_Training - fixed.log
11,HD,bonnie,8,54.0,test,Training - fixed,RIGHT,None,2023-10-06 20:06:03.009376,Experiment_2023-10-06T20:06:03.009376_bonnie_54_Training - fixed.log
12,HD,atom,1,3.0,test,Training - fixed,LEFT,Positive = LEFT,2023-10-07 10:47:41.820683,Experiment_2023-10-07T10:47:41.820683_atom_3_Training - fixed.log
13,HD,ash,2,3.0,test,Training - fixed,RIGHT,Positive = RIGHT,2023-10-07 11:27:44.914673,Experiment_2023-10-07T11:27:44.914673_ash_3_Training - fixed.log
14,HD,mowgli,3,2.0,test,Training - fixed,LEFT,Positive = LEFT,2023-10-07 12:16:35.124984,Experiment_2023-10-07T12:16:35.124984_mowgli_2_Training - fixed.log
15,HD,teddy,4,2.0,test,Training - fixed,RIGHT,Positived = RIGHT,2023-10-07 13:42:36.274776,Experiment_2023-10-07T13:42:36.274776_teddy_2_Training - fixed.log
16,HD,dodge,5,2.0,test,Training - fixed,LEFT,Positive = LEFT,2023-10-07 14:30:16.073357,Experiment_2023-10-07T14:30:16.073357_dodge_2_Training - fixed.log
17,HD,filly,6,5.0,test,Training - fixed,RIGHT,Positive = RIGHT,2023-10-07 15:21:21.434899,Experiment_2023-10-07T15:21:21.434899_filly_5_Training - fixed.log
18,HD,dougie,7,2.0,test,Training - fixed,LEFT,Positive = LEFT,2023-10-07 16:13:17.750963,Experiment_2023-10-07T16:13:17.750963_dougie_2_Training - fixed.log
19,HD,bonnie,8,55.0,test,Training - fixed,RIGHT,Positive = RIGHT,2023-10-07 16:55:59.174334,Experiment_2023-10-07T16:55:59.174334_bonnie_55_Training - fixed.log
20,HD,apollo,9,2.0,test,Training - fixed,LEFT,Positive = RIGHT,2023-10-07 17:33:26.622301,Experiment_2023-10-07T17:33:26.622301_apollo_2_Training - fixed.log
21,HD,molly,10,3.0,test,Training - fixed,RIGHT,Positive = RIGHT  ,2023-10-07 18:06:05.305535,Experiment_2023-10-07T18:06:05.305535_molly_3_Training - fixed.log
22,HD,atom,1,5.0,test,Training randomised Type 1,LEFT,Positive = LEFT,2023-10-08 10:29:55.247254,Experiment_2023-10-08T10:29:55.247254_atom_5_Training randomised Type 1.log
23,HD,ash,2,4.0,test,Training - fixed,RIGHT,Positive = RIGHT,2023-10-08 11:03:05.275380,Experiment_2023-10-08T11:03:05.275380_ash_4_Training - fixed.log
24,HD,mowgli,3,3.0,test,Training - fixed,LEFT,Positive = LEFT,2023-10-08 11:48:24.989885,Experiment_2023-10-08T11:48:24.989885_mowgli_3_Training - fixed.log
25,HD,teddy,4,3.0,test,Training - fixed,RIGHT,Positive = RIGHT,2023-10-08 12:20:50.954677,Experiment_2023-10-08T12:20:50.954677_teddy_3_Training - fixed.log
26,HD,dodge,5,3.0,test,Training - fixed,LEFT,Positive = LEFT,2023-10-08 13:10:43.954358,Experiment_2023-10-08T13:10:43.954358_dodge_3_Training - fixed.log
27,HD,filly,6,6.0,test,Training randomised Type 1,RIGHT,Positive = RIGHT,2023-10-08 13:50:54.095550,Experiment_2023-10-08T13:50:54.095550_filly_6_Training randomised Type 1.log
28,HD,dougie,7,3.0,test,Training randomised Type 1,LEFT,Positive = LEFT,2023-10-08 15:37:37.287527,Experiment_2023-10-08T15:37:37.287527_dougie_3_Training randomised Type 1.log
29,HD,bonnie,8,56.0,test,Training - fixed,RIGHT,Positive = RIGHT ,2023-10-08 16:09:32.654028,Experiment_2023-10-08T16:09:32.654028_bonnie_56_Training - fixed.log
30,HD,apollo,9,3.0,test,Training - fixed,LEFT,Positive = LEFT,2023-10-08 17:01:24.908365,Experiment_2023-10-08T17:01:24.908365_apollo_3_Training - fixed.log
31,HD,molly,10,4.0,test,Training randomised Type 1,RIGHT,Positive = RIGHT,2023-10-08 17:40:21.611860,Experiment_2023-10-08T17:40:21.611860_molly_4_Training randomised Type 1.log
32,HD,apollo,9,4.0,test,Training randomised Type 2,LEFT,Positive = LEFT,2023-10-09 10:17:33.693352,Experiment_2023-10-09T10:17:33.693352_apollo_4_Training randomised Type 2.log
33,HD,atom,1,6.0,test,Training randomised Type 2,LEFT,Positive = LEFT,2023-10-09 11:06:00.505868,Experiment_2023-10-09T11:06:00.505868_atom_6_Training randomised Type 2.log
34,HD,ash,2,5.0,test,Training randomised Type 1,RIGHT,Positive = RIGHT,2023-10-09 11:42:20.024754,Experiment_2023-10-09T11:42:20.024754_ash_5_Training randomised Type 1.log
35,HD,mowgli,3,4.0,test,Training randomised Type 1,LEFT,Positive = LEFT,2023-10-09 12:31:10.855228,Experiment_2023-10-09T12:31:10.855228_mowgli_4_Training randomised Type 1.log
36,HD,teddy,4,4.0,test,Training randomised Type 1,RIGHT,positive = RIGHT,2023-10-09 13:08:37.841616,Experiment_2023-10-09T13:08:37.841616_teddy_4_Training randomised Type 1.log
37,HD,dodge,5,4.0,test,Training randomised Type 1,LEFT,Positive = LEFT,2023-10-09 14:28:21.463730,Experiment_2023-10-09T14:28:21.463730_dodge_4_Training randomised Type 1.log
38,HD,filly,6,8.0,test,Test Type 1,RIGHT,Positive = RIGHT,2023-10-09 15:20:02.348892,Experiment_2023-10-09T15:20:02.348892_filly_8_Test Type 1.log
39,HD,dougie,7,7.0,test,Training randomised Type 2,LEFT,Positive = LEFT,2023-10-09 15:25:36.471599,Experiment_2023-10-09T15:25:36.471599_dougie_7_Training randomised Type 2.log
40,HD,bonnie,8,63.0,test,Training randomised Type 1,RIGHT,Positive = RIGHT,2023-10-09 17:04:07.650916,Experiment_2023-10-09T17:04:07.650916_bonnie_63_Training randomised Type 1.log
41,HD,apollo,9,5.0,test,Training randomised Type 1,LEFT,Positive = LEFT,2023-10-09 17:45:46.540359,Experiment_2023-10-09T17:45:46.540359_apollo_5_Training randomised Type 1.log
42,HD,molly,10,6.0,test,Training randomised Type 2,RIGHT,Positive = RIGHT,2023-10-09 18:34:53.096516,Experiment_2023-10-09T18:34:53.096516_molly_6_Training randomised Type 2.log
43,HD,filly,6,9.0,test,Test Type 1,RIGHT,Positive = RIGHT,2023-10-10 09:46:31.020135,Experiment_2023-10-10T09:46:31.020135_filly_9_Test Type 1.log
44,HD,atom,1,7.0,test,Training randomised Type 1,LEFT,Positive = LEFT,2023-10-10 10:31:23.027937,Experiment_2023-10-10T10:31:23.027937_atom_7_Training randomised Type 1.log
45,HD,ash,2,6.0,test,Test Type 1,RIGHT,Positive = RIGHT,2023-10-10 11:11:42.463329,Experiment_2023-10-10T11:11:42.463329_ash_6_Test Type 1.log
46,HD,mowgli,3,5.0,test,Training randomised Type 2,LEFT,Positive = LEFT,2023-10-10 11:38:00.835987,Experiment_2023-10-10T11:38:00.835987_mowgli_5_Training randomised Type 2.log
47,HD,teddy,4,5.0,test,Test Type 1,RIGHT,Positive = RIGHT,2023-10-10 12:20:12.178833,Experiment_2023-10-10T12:20:12.178833_teddy_5_Test Type 1.log
48,HD,dodge,5,5.0,test,Test Type 1,LEFT,Positive =  LEFT,2023-10-10 13:58:22.293380,Experiment_2023-10-10T13:58:22.293380_dodge_5_Test Type 1.log
49,HD,dougie,7,8.0,test,Test Type 1,LEFT,Positive = LEFT,2023-10-10 16:00:54.429454,Experiment_2023-10-10T16:00:54.429454_dougie_8_Test Type 1.log
50,HD,bonnie,8,73.0,test,Test Type 1,RIGHT,Positive = RIGHT,2023-10-10 16:33:32.580268,Experiment_2023-10-10T16:33:32.580268_bonnie_73_Test Type 1.log
51,HD,apollo,9,6.0,test,Training randomised Type 2,LEFT,Positive = LEFT,2023-10-10 17:12:49.514733,Experiment_2023-10-10T17:12:49.514733_apollo_6_Training randomised Type 2.log
52,HD,molly,10,7.0,test,Training randomised Type 1,RIGHT,Positive = RIGHT Windy,2023-10-10 17:48:18.431367,Experiment_2023-10-10T17:48:18.431367_molly_7_Training randomised Type 1.log
53,HD,apollo,9,7.0,test,Test Type 1,LEFT,Positive = LEFT,2023-10-11 09:07:26.645788,Experiment_2023-10-11T09:07:26.645788_apollo_7_Test Type 1.log
54,HD,molly,10,8.0,test,Test Type 1,RIGHT,Positive = RIGHT,2023-10-11 09:46:53.960298,Experiment_2023-10-11T09:46:53.960298_molly_8_Test Type 1.log
55,HD,atom,1,8.0,test,Test Type 1,LEFT,Positive = LEFT,2023-10-11 10:26:14.965471,Experiment_2023-10-11T10:26:14.965471_atom_8_Test Type 1.log
56,HD,atom,1,9.0,test,Test Type 2,LEFT,Positive = LEFT,2023-10-12 12:02:37.453239,Experiment_2023-10-12T12:02:37.453239_atom_9_Test Type 2.log
57,HD,ash,2,8.0,test,Test Type 2,RIGHT,Positive + RIGHT CB T 2 after RP- A 3 criterion,2023-10-16 10:39:05.806462,Experiment_2023-10-16T10:39:05.806462_ash_8_Test Type 2.log
58,HD,mowgli,3,6.0,test,Test Type 2,LEFT,CB -T 2 After RP-A 3 criterion Windy. No footage of RP-A session. ,2023-10-16 11:24:59.900151,Experiment_2023-10-16T11:24:59.900151_mowgli_6_Test Type 2.log
59,HD,filly,6,10.0,test,Test Type 2,RIGHT,"Positive = RIGHT, CBt 2 afer RP A 2 criterion. Leg",2023-10-16 15:32:34.409339,Experiment_2023-10-16T15:32:34.409339_filly_10_Test Type 2.log
60,HD,dougie,7,9.0,test,Test Type 2,LEFT,Positive = RIGHT CBT 2 After RP A 32 Criterion,2023-10-16 16:24:46.288311,Experiment_2023-10-16T16:24:46.288311_dougie_9_Test Type 2.log
61,HD,apollo,9,8.0,test,Test Type 2,LEFT,CB-T 2 ater reaching cRP -A 1 criterion,2023-10-17 11:03:37.586522,Experiment_2023-10-17T11:03:37.586522_apollo_8_Test Type 2.log
62,HD,teddy,4,6.0,test,Test Type 2,RIGHT,CB- T 2  CB test afer RP-A 3 criterion,2023-10-17 12:35:26.511897,Experiment_2023-10-17T12:35:26.511897_teddy_6_Test Type 2.log
63,HD,bonnie,8,77.0,test,Test Type 2,RIGHT,CB T 2 after reaching RP-A 3 criterion,2023-10-17 14:37:07.416285,Experiment_2023-10-17T14:37:07.416285_bonnie_77_Test Type 2.log
64,HD,dodge,5,6.0,test,Test Type 2,LEFT,"CB T 2, after reaching criterion in RP-A 3",2023-10-17 15:27:19.799243,Experiment_2023-10-17T15:27:19.799243_dodge_6_Test Type 2.log
65,HD,molly,10,9.0,test,Test Type 2,RIGHT,CBT2 after reaching criterion RP A 2,2023-10-17 16:49:28.592735,Experiment_2023-10-17T16:49:28.592735_molly_9_Test Type 2.log
66,HD,atom,1,10.0,test,Test Type 3,LEFT,CB- T 3- after reaching RP e criterion in 66 trials to five in a row,2023-10-19 11:50:35.226661,Experiment_2023-10-19T11:50:35.226661_atom_10_Test Type 3.log
67,HD,atom,1,11.0,test,Test Type 1,LEFT,CB T 4 after eaching reinstatement criterion,2023-10-20 10:00:38.306565,Experiment_2023-10-20T10:00:38.306565_atom_11_Test Type 1.log
68,HD,ash,2,9.0,test,Test Type 3,RIGHT,CB-T 3 after reaching extintion criterion,2023-10-20 11:05:31.583763,Experiment_2023-10-20T11:05:31.583763_ash_9_Test Type 3.log
69,HD,mowgli,3,7.0,test,Test Type 3,LEFT,CBT-3 after reaching extiction criterion,2023-10-20 11:51:36.082488,Experiment_2023-10-20T11:51:36.082488_mowgli_7_Test Type 3.log
70,HD,filly,6,11.0,test,Test Type 3,RIGHT,CB T-4 after extinction RP-E criterion,2023-10-20 14:08:54.608210,Experiment_2023-10-20T14:08:54.608210_filly_11_Test Type 3.log
71,HD,dougie,7,10.0,test,Test Type 3,LEFT,CB-T 4 after reaching RP-E criterion,2023-10-20 15:32:07.559818,Experiment_2023-10-20T15:32:07.559818_dougie_10_Test Type 3.log
72,HD,ash,2,10.0,test,Test Type 1,RIGHT,CBTA- after reinstatement criterion reached,2023-10-20 17:37:43.849099,Experiment_2023-10-20T17:37:43.849099_ash_10_Test Type 1.log
73,HD,mowgli,3,8.0,test,Test Type 1,LEFT,CB T -4 After reinstatement criterion,2023-10-21 11:03:39.830387,Experiment_2023-10-21T11:03:39.830387_mowgli_8_Test Type 1.log
74,HD,teddy,4,7.0,test,Test Type 3,RIGHT,CB T-4 after extinction criterion,2023-10-21 12:03:21.675968,Experiment_2023-10-21T12:03:21.675968_teddy_7_Test Type 3.log
75,HD,dodge,5,7.0,test,Test Type 3,LEFT,CB T-3 after extinction criterion,2023-10-21 13:11:05.817830,Experiment_2023-10-21T13:11:05.817830_dodge_7_Test Type 3.log
76,HD,filly,6,12.0,test,Test Type 3,RIGHT,"CH T 4, CB-T ype 1, after reinstatement",2023-10-21 14:15:00.246809,Experiment_2023-10-21T14:15:00.246809_filly_12_Test Type 3.log
77,HD,dougie,7,11.0,test,Test Type 1,LEFT,"CB T4, test type 1 after reinstatement",2023-10-21 15:03:31.439944,Experiment_2023-10-21T15:03:31.439944_dougie_11_Test Type 1.log
78,HD,bonnie,8,78.0,test,Test Type 3,RIGHT,CB T-3 after extinction,2023-10-21 15:57:40.059715,Experiment_2023-10-21T15:57:40.059715_bonnie_78_Test Type 3.log
79,HD,apollo,9,9.0,test,Test Type 3,LEFT,"CB T 3, test type 3 after extinction",2023-10-21 16:51:13.820180,Experiment_2023-10-21T16:51:13.820180_apollo_9_Test Type 3.log
80,HD,molly,10,10.0,test,Test Type 3,RIGHT,CB T-3 after extinction criterion,2023-10-21 17:37:08.203277,Experiment_2023-10-21T17:37:08.203277_molly_10_Test Type 3.log
81,HD,teddy,4,8.0,test,Test Type 1,RIGHT,CB T 4 after RP reinstatement,2023-10-22 09:28:24.865198,Experiment_2023-10-22T09:28:24.865198_teddy_8_Test Type 1.log
82,HD,dodge,5,8.0,test,Test Type 1,LEFT,CB T 4 after RP reinstatement,2023-10-22 10:49:33.650259,Experiment_2023-10-22T10:49:33.650259_dodge_8_Test Type 1.log
83,HD,bonnie,8,79.0,test,Test Type 1,RIGHT,CB -T-4 after Rp reinstatement,2023-10-22 11:36:41.453331,Experiment_2023-10-22T11:36:41.453331_bonnie_79_Test Type 1.log
84,HD,apollo,9,10.0,test,Test Type 1,LEFT,CB T-4 after RP- reinstatement,2023-10-22 12:32:10.229170,Experiment_2023-10-22T12:32:10.229170_apollo_10_Test Type 1.log
85,HD,molly,10,11.0,test,Test Type 1,RIGHT,CB-T 4 after RP-R reinstatement criterion,2023-10-22 13:27:32.965713,Experiment_2023-10-22T13:27:32.965713_molly_11_Test Type 1.log
86,CSU,george,13,1.0,test,Training - fixed,LEFT,CB-F -1,2023-11-12 19:14:04.462174,Experiment_2023-11-12T19:14:04.462174_george_1.0_Training - fixed.log
87,CSU,smudge,12,1.0,test,Training - fixed,RIGHT,CB F 1,2023-11-12 20:44:49.282652,Experiment_2023-11-12T20:44:49.282652_smudge_1.0_Training - fixed.log
88,CSU,myrtle,14,1.0,test,Training - fixed,RIGHT,CB F 1,2023-11-12 21:26:14.605122,Experiment_2023-11-12T21:26:14.605122_myrtle_1.0_Training - fixed.log
89,CSU,nix,16,1.0,test,Training - fixed,RIGHT,CB- F 1,2023-11-12 21:55:51.589728,Experiment_2023-11-12T21:55:51.589728_nix_1.0_Training - fixed.log
90,CSU,yoshi,15,1.0,test,Training - fixed,LEFT,CB F 1,2023-11-12 23:47:07.024641,Experiment_2023-11-12T23:47:07.024641_yoshi_1.0_Training - fixed.log
91,CSU,gio,17,1.0,test,Training - fixed,LEFT,CB  F 1,2023-11-13 00:39:24.776854,Experiment_2023-11-13T00:39:24.776854_gio_1.0_Training - fixed.log
92,CSU,dusty,18,1.0,test,Training - fixed,RIGHT,CB F 1 ,2023-11-13 01:06:46.118598,Experiment_2023-11-13T01:06:46.118598_dusty_1.0_Training - fixed.log
93,CSU,freya,19,,test,Training - fixed,LEFT,CB F 1,2023-11-13 01:52:41.875007,Experiment_2023-11-13T01:52:41.875007_freya_nan_Training - fixed.log
94,CSU,pumba,21,,test,Training - fixed,LEFT,CB F 1,2023-11-13 03:05:04.626964,Experiment_2023-11-13T03:05:04.626964_pumba_nan_Training - fixed.log
95,CSU,clover,22,,test,Training - fixed,RIGHT,CB F 1,2023-11-13 04:02:49.575872,Experiment_2023-11-13T04:02:49.575872_clover_nan_Training - fixed.log
96,CSU,jelly,11,2.0,test,Training - fixed,LEFT,CB F 2,2023-11-13 04:50:56.054932,Experiment_2023-11-13T04:50:56.054932_jelly_2.0_Training - fixed.log
97,CSU,smudge,12,2.0,test,Training - fixed,RIGHT,CB F 2 Poss= Right ,2023-11-13 05:23:15.688175,Experiment_2023-11-13T05:23:15.688175_smudge_2.0_Training - fixed.log
98,CSU,george,13,2.0,test,Training - fixed,LEFT,CB F-2 Poss = LEFT,2023-11-13 06:05:07.391993,Experiment_2023-11-13T06:05:07.391993_george_2.0_Training - fixed.log
99,CSU,myrtle,14,2.0,test,Training - fixed,RIGHT,CB F 2- Poss = RIGHT,2023-11-13 06:36:50.258957,Experiment_2023-11-13T06:36:50.258957_myrtle_2.0_Training - fixed.log
100,CSU,yoshi,15,2.0,test,Training - fixed,LEFT,CB F -2 Pos = LEFT,2023-11-13 07:17:20.615404,Experiment_2023-11-13T07:17:20.615404_yoshi_2.0_Training - fixed.log
101,CSU,nix,16,2.0,test,Training - fixed,RIGHT,CB-F 2 Pos = RIGHT,2023-11-13 07:47:14.435782,Experiment_2023-11-13T07:47:14.435782_nix_2.0_Training - fixed.log
102,CSU,gio,17,2.0,test,Training - fixed,LEFT,CB F 2 Pos = LEFT,2023-11-13 08:28:59.797750,Experiment_2023-11-13T08:28:59.797750_gio_2.0_Training - fixed.log
103,CSU,dusty,18,2.0,test,Training - fixed,RIGHT,CB F 2 Pos = RIGHT,2023-11-13 10:22:11.789817,Experiment_2023-11-13T10:22:11.789817_dusty_2.0_Training - fixed.log
104,CSU,freya,19,,test,Training - fixed,LEFT,CB F 2 Pos = lEFT,2023-11-13 10:57:03.527161,Experiment_2023-11-13T10:57:03.527161_freya_nan_Training - fixed.log
105,CSU,pumba,21,,test,Training - fixed,LEFT,CB F 2 Poss = LEFT,2023-11-13 12:06:45.400077,Experiment_2023-11-13T12:06:45.400077_pumba_nan_Training - fixed.log
106,CSU,clover,22,,test,Training - fixed,RIGHT,CB F 2 restart at trial 5 Pos + Right,2023-11-13 13:01:26.435669,Experiment_2023-11-13T13:01:26.435669_clover_nan_Training - fixed.log
107,CSU,jelly,11,3.0,test,Training - fixed,LEFT,CB F 3- Pos = LEFT,2023-11-13 13:32:28.364484,Experiment_2023-11-13T13:32:28.364484_jelly_3.0_Training - fixed.log
108,CSU,smudge,12,3.0,test,Training - fixed,RIGHT,CB F 3 Pos = RIGHT,2023-11-13 14:11:10.054657,Experiment_2023-11-13T14:11:10.054657_smudge_3.0_Training - fixed.log
109,CSU,george,13,3.0,test,Training randomised Type 1,LEFT,CB R 1 Pos + LEFT,2023-11-13 14:49:56.787891,Experiment_2023-11-13T14:49:56.787891_george_3.0_Training randomised Type 1.log
110,CSU,myrtle,14,3.0,test,Training randomised Type 1,RIGHT,CB R ! Pos = RIGHT,2023-11-13 15:16:40.151932,Experiment_2023-11-13T15:16:40.151932_myrtle_3.0_Training randomised Type 1.log
111,CSU,yoshi,15,3.0,test,Training randomised Type 1,LEFT,CB R 1 Pos = LEFT,2023-11-13 16:03:04.381618,Experiment_2023-11-13T16:03:04.381618_yoshi_3.0_Training randomised Type 1.log
112,CSU,nix,16,3.0,test,Training randomised Type 1,RIGHT,CB R 1 Pos = RIGHT ,2023-11-13 16:34:23.409480,Experiment_2023-11-13T16:34:23.409480_nix_3.0_Training randomised Type 1.log
113,CSU,gio,17,3.0,test,Training randomised Type 1,LEFT,CB R 1 Pos + LEFT,2023-11-13 17:24:29.152222,Experiment_2023-11-13T17:24:29.152222_gio_3.0_Training randomised Type 1.log
114,CSU,dusty,18,3.0,test,Training randomised Type 1,RIGHT,CB R 1 Pos = RIGHT,2023-11-13 18:03:46.698927,Experiment_2023-11-13T18:03:46.698927_dusty_3.0_Training randomised Type 1.log
115,CSU,freya,19,,test,Training randomised Type 1,LEFT,CB R 1 Poss = LEFT  ,2023-11-13 19:19:51.364628,Experiment_2023-11-13T19:19:51.364628_freya_nan_Training randomised Type 1.log
116,CSU,clover,22,,test,Training randomised Type 1,RIGHT,CB R 1  Pos = RIGHT,2023-11-13 20:49:33.970464,Experiment_2023-11-13T20:49:33.970464_clover_nan_Training randomised Type 1.log
117,CSU,clover,22,,test,Training randomised Type 1,RIGHT,CB  R 1 second file Pos = R,2023-11-13 20:54:16.427672,Experiment_2023-11-13T20:54:16.427672_clover_nan_Training randomised Type 1.log
118,CSU,pumba,21,,test,Training - fixed,LEFT,CB F 3 Pos = LEFT,2023-11-13 21:26:18.412625,Experiment_2023-11-13T21:26:18.412625_pumba_nan_Training - fixed.log
119,CSU,jelly,11,4.0,test,Training - fixed,LEFT,CB F 4 Pos =LEft,2023-11-13 23:02:01.120208,Experiment_2023-11-13T23:02:01.120208_jelly_4.0_Training - fixed.log
120,CSU,smudge,12,4.0,test,Training randomised Type 1,RIGHT,CB R 3 Pos = RIGHT,2023-11-13 23:31:59.936909,Experiment_2023-11-13T23:31:59.936909_smudge_4.0_Training randomised Type 1.log
121,CSU,george,13,5.0,test,Test Type 1,LEFT,CB T 1 Pos + LEFT,2023-11-14 00:25:42.956340,Experiment_2023-11-14T00:25:42.956340_george_5.0_Test Type 1.log
122,CSU,myrtle,14,4.0,test,Training randomised Type 2,RIGHT,CB R 2 Pos = RIGHT,2023-11-14 00:45:14.508317,Experiment_2023-11-14T00:45:14.508317_myrtle_4.0_Training randomised Type 2.log
123,CSU,myrtle,14,5.0,test,Training randomised Type 2,RIGHT,end of previous session,2023-11-14 01:18:45.941991,Experiment_2023-11-14T01:18:45.941991_myrtle_5.0_Training randomised Type 2.log
124,CSU,yoshi,15,4.0,test,Training randomised Type 1,LEFT,Cb R 1 Pos =LEFT,2023-11-14 01:55:54.666841,Experiment_2023-11-14T01:55:54.666841_yoshi_4.0_Training randomised Type 1.log
125,CSU,nix,16,4.0,test,Test Type 1,RIGHT,Cb T 1 Pos = RIGHT,2023-11-14 02:26:16.452913,Experiment_2023-11-14T02:26:16.452913_nix_4.0_Test Type 1.log
126,CSU,gio,17,4.0,test,Training randomised Type 2,LEFT,CB R 2 Pos = LEFT,2023-11-14 04:07:06.316598,Experiment_2023-11-14T04:07:06.316598_gio_4.0_Training randomised Type 2.log
127,CSU,dusty,18,4.0,test,Training randomised Type 2,RIGHT,CB R 2 Poss = LEFT ,2023-11-14 04:38:56.660845,Experiment_2023-11-14T04:38:56.660845_dusty_4.0_Training randomised Type 2.log
128,CSU,freya,19,,test,Test Type 1,LEFT,CB T 1 Pos = LEFT,2023-11-14 05:29:24.069610,Experiment_2023-11-14T05:29:24.069610_freya_nan_Test Type 1.log
129,CSU,pumba,21,,test,Test Type 1,LEFT,CB T 1 Poss = LEFT  ,2023-11-14 06:35:09.308410,Experiment_2023-11-14T06:35:09.308410_pumba_nan_Test Type 1.log
130,CSU,clover,22,,test,Training randomised Type 2,RIGHT,CB R 2 Pos = RIGHT,2023-11-14 07:17:26.885747,Experiment_2023-11-14T07:17:26.885747_clover_nan_Training randomised Type 2.log
131,CSU,nix,16,5.0,test,Training randomised Type 2,RIGHT,Cb R 2 after CBT wrongly given Pos = RIGHT,2023-11-14 08:02:44.063274,Experiment_2023-11-14T08:02:44.063274_nix_5.0_Training randomised Type 2.log
132,CSU,jelly,11,5.0,test,Training randomised Type 1,LEFT,CB R 1 Pos = LEFT,2023-11-14 08:46:04.505826,Experiment_2023-11-14T08:46:04.505826_jelly_5.0_Training randomised Type 1.log
133,CSU,smudge,12,5.0,test,Training randomised Type 2,RIGHT,CB R 2 Pos = RIGHT,2023-11-14 09:21:32.260775,Experiment_2023-11-14T09:21:32.260775_smudge_5.0_Training randomised Type 2.log
134,CSU,myrtle,14,6.0,test,Training randomised Type 1,RIGHT,CB r 3 Poss = RIGHT,2023-11-14 10:23:47.643202,Experiment_2023-11-14T10:23:47.643202_myrtle_6.0_Training randomised Type 1.log
135,CSU,nix,16,7.0,test,Training randomised Type 1,RIGHT,CB R 3 Poss = RIGHT,2023-11-14 11:07:04.244882,Experiment_2023-11-14T11:07:04.244882_nix_7.0_Training randomised Type 1.log
136,CSU,yoshi,15,5.0,test,Training randomised Type 2,LEFT,CB R 2 Poss = LEFT,2023-11-14 11:34:20.820883,Experiment_2023-11-14T11:34:20.820883_yoshi_5.0_Training randomised Type 2.log
137,CSU,dusty,18,6.0,test,Training randomised Type 1,RIGHT,CB R 3 Pos = RIGHT,2023-11-14 12:13:40.543722,Experiment_2023-11-14T12:13:40.543722_dusty_6.0_Training randomised Type 1.log
138,CSU,gio,17,5.0,test,Test Type 1,LEFT,CB T1 pos = LEFT Windy/hot ,2023-11-14 12:37:30.469954,Experiment_2023-11-14T12:37:30.469954_gio_5.0_Test Type 1.log
139,CSU,pumba,21,,test,Training randomised Type 2,LEFT,Cb R 2 Pos = LEFT hot/windy,2023-11-14 15:40:26.284336,Experiment_2023-11-14T15:40:26.284336_pumba_nan_Training randomised Type 2.log
140,CSU,clover,22,,test,Test Type 1,RIGHT,Cb T 1 Poss = LEFT,2023-11-14 16:29:57.013745,Experiment_2023-11-14T16:29:57.013745_clover_nan_Test Type 1.log
141,CSU,jelly,11,6.0,test,Test Type 1,LEFT,CB T 1 Poss = LEFT windy,2023-11-14 17:14:25.139579,Experiment_2023-11-14T17:14:25.139579_jelly_6.0_Test Type 1.log
142,CSU,smudge,12,6.0,test,Training randomised Type 1,RIGHT,CB R 3 Pos = RIGHT,2023-11-14 17:33:48.603698,Experiment_2023-11-14T17:33:48.603698_smudge_6.0_Training randomised Type 1.log
143,CSU,myrtle,14,8.0,test,Test Type 1,RIGHT,CB T 1 restart test,2023-11-14 18:48:28.476282,Experiment_2023-11-14T18:48:28.476282_myrtle_8.0_Test Type 1.log
144,CSU,yoshi,15,6.0,test,Training randomised Type 1,LEFT,CB R 3 Poss =LEFT,2023-11-14 19:16:58.918521,Experiment_2023-11-14T19:16:58.918521_yoshi_6.0_Training randomised Type 1.log
145,CSU,nix,16,8.0,test,Test Type 1,RIGHT,CB T 1 Pos = RIGHT,2023-11-14 19:42:46.106423,Experiment_2023-11-14T19:42:46.106423_nix_8.0_Test Type 1.log
146,CSU,dusty,18,7.0,test,Test Type 1,RIGHT,CB T 1 Pos = RIGHT,2023-11-14 20:37:30.423056,Experiment_2023-11-14T20:37:30.423056_dusty_7.0_Test Type 1.log
147,CSU,freya,19,,test,Test Type 2,LEFT,"CB T 2 after RP A criterion v wi dy, rain",2023-11-14 23:17:57.967289,Experiment_2023-11-14T23:17:57.967289_freya_nan_Test Type 2.log
148,CSU,pumba,21,,test,Test Type 1,LEFT,CB T 1 Pos = LEFT,2023-11-15 00:06:05.447953,Experiment_2023-11-15T00:06:05.447953_pumba_nan_Test Type 1.log
149,CSU,clover,22,,test,Test Type 1,RIGHT,CB T 1 poss = RIGHT,2023-11-15 00:39:50.244185,Experiment_2023-11-15T00:39:50.244185_clover_nan_Test Type 1.log
150,CSU,smudge,12,7.0,test,Test Type 1,RIGHT,CB T 1 Poss = RIGHT,2023-11-15 02:11:18.965110,Experiment_2023-11-15T02:11:18.965110_smudge_7.0_Test Type 1.log
151,CSU,george,13,6.0,test,Test Type 2,LEFT,CB T 2 after RP A 3 acquisition pos = LEFT,2023-11-15 02:59:50.231712,Experiment_2023-11-15T02:59:50.231712_george_6.0_Test Type 2.log
152,CSU,yoshi,15,8.0,test,Test Type 1,LEFT,CB T 1 Poss = LEFT,2023-11-15 03:51:22.577702,Experiment_2023-11-15T03:51:22.577702_yoshi_8.0_Test Type 1.log
153,CSU,nix,16,9.0,test,Test Type 1,RIGHT,CB T 2 after RP A 1 acquisition Poss = LEFT,2023-11-15 04:42:42.109160,Experiment_2023-11-15T04:42:42.109160_nix_9.0_Test Type 1.log
154,CSU,gio,17,6.0,test,Test Type 2,LEFT,CB T 2 after RPA 2 aquitisiton,2023-11-15 05:22:53.513691,Experiment_2023-11-15T05:22:53.513691_gio_6.0_Test Type 2.log
155,CSU,jelly,11,7.0,test,Test Type 2,LEFT,CBT 2 after RP A 4 acquisition,2023-11-15 16:04:18.871968,Experiment_2023-11-15T16:04:18.871968_jelly_7.0_Test Type 2.log
156,CSU,smudge,12,8.0,test,Test Type 2,RIGHT,CB T 2 after acquisition RP A 4 ,2023-11-15 16:42:36.211643,Experiment_2023-11-15T16:42:36.211643_smudge_8.0_Test Type 2.log
157,CSU,myrtle,14,9.0,test,Test Type 2,RIGHT,CBT 2 after RP A 3 acquisition,2023-11-15 17:59:06.826933,Experiment_2023-11-15T17:59:06.826933_myrtle_9.0_Test Type 2.log
158,CSU,yoshi,15,9.0,test,Test Type 2,LEFT,CB T 2 after RP A 2 acquisition,2023-11-15 18:35:59.371714,Experiment_2023-11-15T18:35:59.371714_yoshi_9.0_Test Type 2.log
159,CSU,dusty,18,8.0,test,Test Type 2,RIGHT,CB T 2 after RP A 3 acquisition,2023-11-15 20:13:26.521959,Experiment_2023-11-15T20:13:26.521959_dusty_8.0_Test Type 2.log
160,CSU,clover,22,,test,Test Type 2,RIGHT,CB T 2 after RP A 3 acqusition criterion,2023-11-15 23:18:27.463685,Experiment_2023-11-15T23:18:27.463685_clover_nan_Test Type 2.log
161,CSU,pumba,21,,test,Test Type 2,LEFT,CB T 2 after RP A 4 acquisition criterion,2023-11-16 00:37:29.832581,Experiment_2023-11-16T00:37:29.832581_pumba_nan_Test Type 2.log
162,CSU,freya,19,,test,Test Type 3,LEFT,Cb T 3 aftter RP E raining,2023-11-16 05:15:17.737341,Experiment_2023-11-16T05:15:17.737341_freya_nan_Test Type 3.log
163,CSU,george,13,7.0,test,Test Type 3,LEFT,CB T 3 after RP E acquisition,2023-11-16 07:57:12.097353,Experiment_2023-11-16T07:57:12.097353_george_7.0_Test Type 3.log
164,CSU,nix,16,10.0,test,Test Type 3,RIGHT,CBT 3 after RP E ,2023-11-16 09:12:31.465402,Experiment_2023-11-16T09:12:31.465402_nix_10.0_Test Type 3.log
165,CSU,gio,17,7.0,test,Test Type 3,LEFT,CB T 3 after RP E,2023-11-16 09:54:53.813828,Experiment_2023-11-16T09:54:53.813828_gio_7.0_Test Type 3.log
166,CSU,freya,19,,test,Test Type 1,LEFT,CB T 4 after RP R,2023-11-16 11:37:18.984569,Experiment_2023-11-16T11:37:18.984569_freya_nan_Test Type 1.log
167,CSU,jelly,11,8.0,test,Test Type 3,LEFT,CB T 3 after RP E arena is slippery,2023-11-16 13:01:14.550048,Experiment_2023-11-16T13:01:14.550048_jelly_8.0_Test Type 3.log
168,CSU,smudge,12,9.0,test,Test Type 3,RIGHT,CB T 3 after RP E ,2023-11-16 13:46:25.228604,Experiment_2023-11-16T13:46:25.228604_smudge_9.0_Test Type 3.log
169,CSU,george,13,8.0,test,Test Type 1,LEFT,CB T 4 after RP R,2023-11-16 14:31:05.230974,Experiment_2023-11-16T14:31:05.230974_george_8.0_Test Type 1.log
170,CSU,nix,16,11.0,test,Test Type 1,RIGHT,CB T 4 after RP R,2023-11-16 15:46:42.899255,Experiment_2023-11-16T15:46:42.899255_nix_11.0_Test Type 1.log
171,CSU,gio,17,9.0,test,Test Type 1,LEFT,CB T 4 after RP R second file,2023-11-16 17:55:24.333022,Experiment_2023-11-16T17:55:24.333022_gio_9.0_Test Type 1.log
172,CSU,jelly,11,9.0,test,Test Type 1,LEFT,CB T 4 after RP R,2023-11-16 19:24:59.492473,Experiment_2023-11-16T19:24:59.492473_jelly_9.0_Test Type 1.log
173,CSU,smudge,12,10.0,test,Test Type 1,RIGHT,CBT 4 after RP E = two RP ER sessions,2023-11-16 20:27:00.214523,Experiment_2023-11-16T20:27:00.214523_smudge_10.0_Test Type 1.log
174,CSU,myrtle,14,10.0,test,Test Type 3,RIGHT,CB T 3 after RP E ,2023-11-16 21:17:46.006067,Experiment_2023-11-16T21:17:46.006067_myrtle_10.0_Test Type 3.log
175,CSU,yoshi,15,10.0,test,Test Type 3,LEFT,CB T 3 after RP E,2023-11-16 22:01:25.798273,Experiment_2023-11-16T22:01:25.798273_yoshi_10.0_Test Type 3.log
176,CSU,dusty,18,9.0,test,Test Type 3,RIGHT,CB T 3 after RP E ,2023-11-16 23:55:33.357304,Experiment_2023-11-16T23:55:33.357304_dusty_9.0_Test Type 3.log
177,CSU,pumba,21,,test,Test Type 3,LEFT,CB T 3 after RP E,2023-11-17 00:36:27.593791,Experiment_2023-11-17T00:36:27.593791_pumba_nan_Test Type 3.log
178,CSU,clover,22,,test,Test Type 3,RIGHT,CB T 3 after RP E,2023-11-17 01:23:36.375164,Experiment_2023-11-17T01:23:36.375164_clover_nan_Test Type 3.log
179,CSU,myrtle,14,11.0,test,Test Type 1,RIGHT,CB T 4 after RP R,2023-11-17 02:45:25.056724,Experiment_2023-11-17T02:45:25.056724_myrtle_11.0_Test Type 1.log
180,CSU,yoshi,15,11.0,test,Test Type 1,LEFT,CB T 4 after RP R,2023-11-17 03:22:54.109367,Experiment_2023-11-17T03:22:54.109367_yoshi_11.0_Test Type 1.log
181,CSU,dusty,18,10.0,test,Test Type 1,RIGHT,CB T 4 after RP R,2023-11-17 04:05:53.213724,Experiment_2023-11-17T04:05:53.213724_dusty_10.0_Test Type 1.log
182,CSU,dusty,18,11.0,test,Test Type 1,RIGHT,CBT 4 after RP R,2023-11-17 04:39:51.602365,Experiment_2023-11-17T04:39:51.602365_dusty_11.0_Test Type 1.log
183,CSU,clover,22,,test,Test Type 1,RIGHT,CB T 4 after RP R,2023-11-17 05:22:49.445377,Experiment_2023-11-17T05:22:49.445377_clover_nan_Test Type 1.log


/* Purpose:
Retrieves all Experiments
*/

/* SQL Query:
SELECT * EXCLUDE PARAMETERS
FROM ExperimentCBs
*/
